{"accuracy": 0.2891566265060241, "precision": 0.2703671830177854, "recall": 0.2891566265060241, "f1": 0.2768010338979146, "confusion_matrix": {"matrix": [[1, 2, 10, 4], [2, 4, 4, 4], [7, 4, 14, 8], [0, 2, 12, 5]], "labels": ["Cuadrado", "Deportivo", "Elegante", "Redondo"]}, "feature_importances": {"features": ["genero", "actividad", "tipo_rostro", "afinidad"], "importances": [0.06453895885109023, 0.25061225317598346, 0.19945208472621434, 0.4853967032467119]}, "cross_val_accuracy": 0.31304731119600354, "last_trained": "2025-07-17T21:12:34.367374"}